horizon_hours,MAE,RMSE
1,0.056415583126587676,0.07280899428994016
2,0.05967156887352539,0.07671599974554577
6,0.06577900790844535,0.08389938877889909
24,0.06739010946489017,0.08583465944075679
